<?xml version="1.0" encoding="utf-8"?>
<!DOCTYPE hibernate-mapping PUBLIC "-//Hibernate/Hibernate Mapping DTD 3.0//EN"
"http://hibernate.sourceforge.net/hibernate-mapping-3.0.dtd">
<!-- 
    Mapping file autogenerated by MyEclipse Persistence Tools
-->
<hibernate-mapping>
    <class name="com.ideabobo.model.Bill" table="wct_bill" >
        <id name="id" type="java.lang.Integer">
            <column name="id" />
            <generator class="identity" />
        </id>
        <property name="gids" type="java.lang.String">
            <column name="gids" length="100" />
        </property>
        <property name="price" type="java.lang.String">
            <column name="price" length="100" />
        </property>
        <property name="user" type="java.lang.String">
            <column name="user" length="100" />
        </property>
        <property name="uid" type="java.lang.String">
            <column name="uid" length="100" />
        </property>
        <property name="shop" type="java.lang.String">
            <column name="shop" length="100" />
        </property>
        <property name="bill" type="java.lang.String">
            <column name="bill" length="2000" />
        </property>
        <property name="openid" type="java.lang.String">
            <column name="openid" />
        </property>
        <property name="ndate" type="java.lang.String">
            <column name="ndate" />
        </property>
        <property name="total" type="java.lang.String">
            <column name="total" />
        </property>
        <property name="way" type="java.lang.String">
            <column name="way" length="50" />
        </property>
        <property name="gnames" type="java.lang.String">
            <column name="gnames" length="500" />
        </property>
        <property name="sid" type="java.lang.String">
            <column name="sid" length="10" />
        </property>
        <property name="tel" type="java.lang.String">
            <column name="tel" length="50" />
        </property>
        <property name="address" type="java.lang.String">
            <column name="address" length="50" />
        </property>
        <property name="note" type="java.lang.String">
            <column name="note" length="200" />
        </property>
        <property name="state" type="java.lang.String">
            <column name="state" length="10" />
        </property>
        <property name="statecn" type="java.lang.String">
            <column name="statecn" length="50" />
        </property>
    </class>
</hibernate-mapping>
