<?xml version="1.0" encoding="utf-8"?>
<!DOCTYPE hibernate-mapping PUBLIC "-//Hibernate/Hibernate Mapping DTD 3.0//EN"
"http://hibernate.sourceforge.net/hibernate-mapping-3.0.dtd">
<!-- 
    Mapping file autogenerated by MyEclipse Persistence Tools
-->
<hibernate-mapping>
    <class name="com.ideabobo.model.Dingzuo" table="wct_dingzuo" >
        <id name="id" type="java.lang.Integer">
            <column name="id" />
            <generator class="identity" />
        </id>
        <property name="openid" type="java.lang.String">
            <column name="openid" length="200" />
        </property>
        <property name="username" type="java.lang.String">
            <column name="username" length="200" />
        </property>
        <property name="renshu" type="java.lang.String">
            <column name="renshu" length="20" />
        </property>
        <property name="xingming" type="java.lang.String">
            <column name="xingming" length="200" />
        </property>
        <property name="shouji" type="java.lang.String">
            <column name="shouji" length="200" />
        </property>
        <property name="shijian" type="java.lang.String">
            <column name="shijian" length="200" />
        </property>
        <property name="todate" type="java.lang.String">
            <column name="todate" length="200" />
        </property>
        <property name="beizhu" type="java.lang.String">
            <column name="beizhu" length="600" />
        </property>
        <property name="shopid" type="java.lang.String">
            <column name="shopid" length="200" />
        </property>
        <property name="shopname" type="java.lang.String">
            <column name="shopname" length="200" />
        </property>
        <property name="ndate" type="java.lang.String">
            <column name="ndate" length="200" />
        </property>
    </class>
</hibernate-mapping>
