<?xml version="1.0" encoding="utf-8"?>
<!DOCTYPE hibernate-mapping PUBLIC "-//Hibernate/Hibernate Mapping DTD 3.0//EN"
"http://hibernate.sourceforge.net/hibernate-mapping-3.0.dtd">
<!-- 
    Mapping file autogenerated by MyEclipse Persistence Tools
-->
<hibernate-mapping>
    <class name="com.ideabobo.model.Good" table="wct_good">
        <id name="id" type="java.lang.Integer">
            <column name="id" />
            <generator class="identity" />
        </id>
        <property name="gname" type="java.lang.String">
            <column name="gname" length="100" />
        </property>
        <property name="price" type="java.lang.String">
            <column name="price" length="10" />
        </property>
        <property name="jifen" type="java.lang.String">
            <column name="jifen" length="10" />
        </property>
        <property name="note" type="java.lang.String">
            <column name="note" length="500" />
        </property>
        <property name="type" type="java.lang.String">
            <column name="type" length="50" />
        </property>
        <property name="img" type="java.lang.String">
            <column name="img" length="500" />
        </property>
        <property name="count" type="java.lang.Integer">
            <column name="count" length="10" />
        </property>
        <property name="typeid" type="java.lang.String">
            <column name="typeid" length="10" />
        </property>
        <property name="xiaoliang" type="java.lang.Integer">
            <column name="xiaoliang" length="10"/>
        </property>
        <property name="ownid" type="java.lang.String">
            <column name="ownid" length="10" />
        </property>
        <property name="sid" type="java.lang.String">
            <column name="sid" length="10" />
        </property>
        <property name="shop" type="java.lang.String">
            <column name="shop" length="50" />
        </property>
        <property name="mcount" type="java.lang.String">
            <column name="mcount" length="50" />
        </property>
        <property name="saleType" type="java.lang.String">
            <column name="saleType" length="50" />
        </property>
        <property name="sale" type="java.lang.String">
            <column name="sale" length="20" />
        </property>
        <property name="shouye" type="java.lang.Integer">
            <column name="shouye" length="1"/>
        </property>
        <property name="statecn" type="java.lang.String">
            <column name="statecn" length="200" />
        </property>
        <property name="endtime" type="java.lang.String">
            <column name="endtime" length="200" />
        </property>
    </class>
</hibernate-mapping>
