<?xml version="1.0" encoding="utf-8"?>
<!DOCTYPE hibernate-mapping PUBLIC "-//Hibernate/Hibernate Mapping DTD 3.0//EN"
"http://hibernate.sourceforge.net/hibernate-mapping-3.0.dtd">
<!-- 
    Mapping file autogenerated by MyEclipse Persistence Tools
-->
<hibernate-mapping>
    <class name="com.ideabobo.model.Notice" table="wct_notice">
        <id name="id" type="java.lang.Integer">
            <column name="id" />
            <generator class="identity" />
        </id>
        <property name="title" type="java.lang.String">
            <column name="title" length="50" />
        </property>
        <property name="note" type="java.lang.String">
            <column name="note" length="500" />
        </property>
        <property name="ndate" type="java.lang.String">
            <column name="ndate" length="50" />
        </property>
        <property name="type" type="java.lang.String">
            <column name="type" length="50" />
        </property>
        <property name="img" type="java.lang.String">
            <column name="img" length="200" />
        </property>
    </class>
</hibernate-mapping>
