<?xml version="1.0" encoding="utf-8"?>
<!DOCTYPE hibernate-mapping PUBLIC "-//Hibernate/Hibernate Mapping DTD 3.0//EN"
"http://hibernate.sourceforge.net/hibernate-mapping-3.0.dtd">
<!-- 
    Mapping file autogenerated by MyEclipse Persistence Tools
-->
<hibernate-mapping>
    <class name="com.ideabobo.model.Replay" table="wct_replay">
        <id name="id" type="java.lang.Integer">
            <column name="id" />
            <generator class="identity" />
        </id>
        <property name="pid" type="java.lang.String">
            <column name="pid" length="10" />
        </property>
        <property name="note" type="java.lang.String">
            <column name="note" length="500" />
        </property>
        <property name="uid" type="java.lang.String">
            <column name="uid" length="10" />
        </property>
        <property name="username" type="java.lang.String">
            <column name="username" length="200" />
        </property>
        <property name="ndate" type="java.lang.String">
            <column name="ndate" length="50" />
        </property>
        
    </class>
</hibernate-mapping>
