<?xml version="1.0" encoding="utf-8"?>
<!DOCTYPE hibernate-mapping PUBLIC "-//Hibernate/Hibernate Mapping DTD 3.0//EN"
"http://hibernate.sourceforge.net/hibernate-mapping-3.0.dtd">
<!-- 
    Mapping file autogenerated by MyEclipse Persistence Tools
-->
<hibernate-mapping>
    <class name="com.ideabobo.model.Shop" table="wct_shop" >
        <id name="id" type="java.lang.Integer">
            <column name="id" />
            <generator class="identity" />
        </id>
        <property name="sname" type="java.lang.String">
            <column name="sname" length="100" />
        </property>
        <property name="img" type="java.lang.String">
            <column name="img" length="500" />
        </property>
        <property name="note" type="java.lang.String">
            <column name="note" length="500" />
        </property>
        <property name="address" type="java.lang.String">
            <column name="address" length="500" />
        </property>
        <property name="longitude" type="java.lang.String">
            <column name="longitude" length="100" />
        </property>
        <property name="latitude" type="java.lang.String">
            <column name="latitude" length="100" />
        </property>
        <property name="tel" type="java.lang.String">
            <column name="tel" length="100" />
        </property>
        <property name="ownid" type="java.lang.String">
            <column name="ownid" length="10" />
        </property>
        <property name="passwd" type="java.lang.String">
            <column name="passwd" length="50" />
        </property>
    </class>
</hibernate-mapping>
