<?xml version="1.0" encoding="utf-8"?>
<!DOCTYPE hibernate-mapping PUBLIC "-//Hibernate/Hibernate Mapping DTD 3.0//EN"
"http://hibernate.sourceforge.net/hibernate-mapping-3.0.dtd">
<!-- 
    Mapping file autogenerated by MyEclipse Persistence Tools
-->
<hibernate-mapping>
    <class name="com.ideabobo.model.Type" table="wct_type" >
        <id name="id" type="java.lang.Integer">
            <column name="id" />
            <generator class="identity" />
        </id>
        <property name="title" type="java.lang.String">
            <column name="title" length="500" />
        </property>
        <property name="ownid" type="java.lang.String">
            <column name="ownid" length="10" />
        </property>
    </class>
</hibernate-mapping>
