<?xml version="1.0" encoding="utf-8"?>
<!DOCTYPE hibernate-mapping PUBLIC "-//Hibernate/Hibernate Mapping DTD 3.0//EN"
"http://hibernate.sourceforge.net/hibernate-mapping-3.0.dtd">
<!-- 
    Mapping file autogenerated by MyEclipse Persistence Tools
-->
<hibernate-mapping>
    <class name="com.ideabobo.model.User" table="wct_user">
        <id name="id" type="java.lang.Integer">
            <column name="id" />
            <generator class="identity" />
        </id>
        <property name="username" type="java.lang.String">
            <column name="username" length="50" />
        </property>
        <property name="passwd" type="java.lang.String">
            <column name="passwd" length="50" />
        </property>
        <property name="roletype" type="java.lang.String">
            <column name="roletype" length="50" />
        </property>
        <property name="email" type="java.lang.String">
            <column name="email" length="200" />
        </property>
        <property name="tel" type="java.lang.String">
            <column name="tel" length="50" />
        </property>
        <property name="qq" type="java.lang.String">
            <column name="qq" length="20" />
        </property>
        <property name="wechat" type="java.lang.String">
            <column name="wechat" length="50" />
        </property>
        <property name="sex" type="java.lang.String">
            <column name="sex" length="20" />
        </property>
        <property name="birth" type="java.lang.String">
            <column name="birth" length="20" />
        </property>
        <property name="img" type="java.lang.String">
            <column name="img" length="200" />
        </property>
        <property name="sid" type="java.lang.String">
            <column name="sid" length="200" />
        </property>
        <property name="address" type="java.lang.String">
            <column name="address" length="200" />
        </property>
        
    </class>
</hibernate-mapping>
