<?xml version="1.0" encoding="utf-8"?>
<!DOCTYPE hibernate-mapping PUBLIC "-//Hibernate/Hibernate Mapping DTD 3.0//EN"
"http://hibernate.sourceforge.net/hibernate-mapping-3.0.dtd">
<!-- 
    Mapping file autogenerated by MyEclipse Persistence Tools
-->
<hibernate-mapping>
    <class name="com.ideabobo.model.Vip" table="wct_vip" >
        <id name="id" type="java.lang.Integer">
            <column name="id" />
            <generator class="identity" />
        </id>
        <property name="qq" type="java.lang.String">
            <column name="qq" />
        </property>
        <property name="sex" type="java.lang.String">
            <column name="sex" />
        </property>
        <property name="mobile" type="java.lang.String">
            <column name="mobile" />
        </property>
        <property name="openid" type="java.lang.String">
            <column name="openid" />
        </property>
        <property name="vname" type="java.lang.String">
            <column name="vname" />
        </property>
        <property name="wname" type="java.lang.String">
            <column name="wname" />
        </property>
    </class>
</hibernate-mapping>
